Number plate,Image name
HVJ OTP,/content/b7cdb5c0c99002b7.jpg
Number plate,Image name
CH,/content/76e14d05ee8acb6d.jpg
Number plate,Image name
AL65RY,/content/9b4f7a17b1b1f477.jpg
Number plate,Image name
MES EA115,/content/efde2a25c1c9c924.jpg
Number plate,Image name
Kakao,/content/74ee6d1b58ae2e70.jpg
Number plate,Image name
WESTERN,/content/d2fe2b47668e9d8e.jpg
Number plate,Image name
66 I11; 72,/content/7a1f9520c7ecd5b1.jpg
Number plate,Image name
66 Il1*72,/content/7a1f9520c7ecd5b1.jpg
Number plate,Image name
MO,/content/da1352ab6054a2e4.jpg
Number plate,Image name
Gb],/content/5967ff277ca62659.jpg
Number plate,Image name
HS-33-84,/content/fb55b73f241bf50a.jpg
Number plate,Image name
0 5533 CB,/content/de707769dd419777.jpg
Number plate,Image name
NSEOX,/content/f5c2a80a21ddb78c.jpg
Number plate,Image name
MD-09-BN,/content/c8281d1842d7bccc.jpg
Number plate,Image name
Ng5s,/content/2fa0a2905a77319e.jpg
Number plate,Image name
YVD+9280,/content/27329096d0504719.jpg
Number plate,Image name
Bc,/content/8f8f58165a8edd53.jpg
Number plate,Image name
JUL,/content/b8a8dbd602ba0632.jpg
Number plate,Image name
B1Z3IZH,/content/4c04b488ddc48225.jpg
Number plate,Image name
Tl,/content/0673b967f8c68eec.jpg
Number plate,Image name
LQUJE978,/content/17ba4ea568ad66ec.jpg
Number plate,Image name
40309-Y6y,/content/a7bc44745b1763a3.jpg
Number plate,Image name
NeHZ 1002,/content/1071b237587a698b.jpg
Number plate,Image name
SMOR38,/content/548d8d0a942332f3.jpg
Number plate,Image name
VB FAG,/content/80d21c58a71a0751.jpg
Number plate,Image name
AUG vatkoira,/content/081f5a6bc61b9c48.jpg
Number plate,Image name
ELoe,/content/d7d49b1a3706f3eb.jpg
Number plate,Image name
Hsu 640,/content/bdaf445009e0e6ee.jpg
Number plate,Image name
OTP,/content/4e2cb95b9c509b10.jpg
Number plate,Image name
6F6oGZ),/content/2f5f589e83f6e645.jpg
Number plate,Image name
BA'40 EL,/content/4d2c3af8951dfd24.jpg
Number plate,Image name
OvI4 VLL,/content/ee047c8ca2cca8a2.jpg
Number plate,Image name
FBEMb,/content/7b7cb1823200d38b.jpg
Number plate,Image name
8131368,/content/1a319872bcc58c1c.jpg
Number plate,Image name
3131368,/content/1a319872bcc58c1c.jpg
Number plate,Image name
JIS1,/content/e82f13b4a2fe69f3.jpg
Number plate,Image name
27 BN 42,/content/5290f4027491d09b.jpg
Number plate,Image name
HHb6:,/content/6f4e5db203978bc1.jpg
Number plate,Image name
MTTSUBTSH,/content/13e5cc6ae0e4d917.jpg
Number plate,Image name
JKK2638],/content/7ac221d4f1cfa9ba.jpg
Number plate,Image name
1598 TPL,/content/c8d01e3f271276b9.jpg
Number plate,Image name
N598 TPL,/content/c8d01e3f271276b9.jpg
Number plate,Image name
WMA,/content/c7df5232291486a3.jpg
Number plate,Image name
VIRGINIA,/content/e666b1f293f4b9b7.jpg
Number plate,Image name
DPG2,/content/2e95d7a799e23e11.jpg
Number plate,Image name
E2Y26,/content/4dece8ad364af604.jpg
Number plate,Image name
328,/content/c1bed853c5ba1e55.jpg
Number plate,Image name
V328 FNN,/content/c1bed853c5ba1e55.jpg
Number plate,Image name
BMH M5,/content/87793700161a7a6b.jpg
Number plate,Image name
AURA |,/content/d5058059dc0ce0ad.jpg
Number plate,Image name
1W8922,/content/00eb06ce368a9b9b.jpg
Number plate,Image name
BaV,/content/0e42716c8c7e674b.jpg
Number plate,Image name
"829432 ,",/content/334f31e809ec9a77.jpg
Number plate,Image name
"TaGIO""",/content/b1096bc91a89b0cf.jpg
Number plate,Image name
[43,/content/299f0363ae21d1c3.jpg
Number plate,Image name
1,/content/2bd26c63ebf598b7.jpg
Number plate,Image name
BLR,/content/1fb6b60b547433a3.jpg
Number plate,Image name
()Y/ ',/content/575d96d014e4fbab.jpg
Number plate,Image name
C63 AMG,/content/43339d9cbca470e4.jpg
Number plate,Image name
P88 JRB,/content/da84031eede66188.jpg
Number plate,Image name
BBX 3499,/content/b5e7183b6a5abe6c.jpg
Number plate,Image name
HTTPME,/content/e08424f3cd5f6dac.jpg
Number plate,Image name
NPL 070,/content/a50b693b2c4cc734.jpg
Number plate,Image name
B5AE,/content/13f07874e82055b8.jpg
Number plate,Image name
@WBEZ,/content/13f07874e82055b8.jpg
Number plate,Image name
BPRB: 3641,/content/abca9401dcf8f7ba.jpg
Number plate,Image name
303 HVD,/content/185d5dfa193c4ced.jpg
Number plate,Image name
BMW,/content/33e0333ff031c4fb.jpg
Number plate,Image name
SD0zWRZ,/content/dda4818bbd2ced59.jpg
Number plate,Image name
San Francisco,/content/20423a59d3948063.jpg
Number plate,Image name
Kz,/content/d817c13cf0c184cf.jpg
Number plate,Image name
H982FKL,/content/numplate4.jpg
Number plate,Image name
Vealoatte,/content/a929dc75c20da7d8.jpg
Number plate,Image name
'BJY.982],/content/numplate3.jpg
Number plate,Image name
496.YHH,/content/fa9147596edc058f.jpg
Number plate,Image name
ESXY423,/content/ad10c7d29f111692.jpg
Number plate,Image name
65.555.50],/content/c9e7e86d37d4978c.jpg
Number plate,Image name
OrTARIO,/content/ebaefbcb87bfa8a1.jpg
Number plate,Image name
1,/content/4e593c88022ff6b1.jpg
Number plate,Image name
LIMES,/content/d44c0b2252bf8a92.jpg
Number plate,Image name
B5]863L,/content/5d154cee10ca00fc.jpg
Number plate,Image name
Oct),/content/9339acb2a2036854.jpg
Number plate,Image name
HR.26 BR.9044,/content/numplate2.jpg
Number plate,Image name
10,/content/c57461ccbb269e17.jpg
Number plate,Image name
PWF 666,/content/f5128e7a123b4fa8.jpg
Number plate,Image name
REGISTERED,/content/8702e60a956f472d.jpg
Number plate,Image name
BHS7 DTZ,/content/7fc0fb6035bc06a6.jpg
Number plate,Image name
SuncIDAHO,/content/6ebc58943b63970c.jpg
Number plate,Image name
1,/content/04b18930af423002.jpg
Number plate,Image name
@nmI,/content/002d099996f3f443.jpg
Number plate,Image name
M.G1722,/content/66c9a5c4ca7bdbdb.jpg
Number plate,Image name
R7,/content/dd838681e1693f34.jpg
Number plate,Image name
Ss),/content/0bc49bac8978eed9.jpg
Number plate,Image name
[9g8225,/content/683575f75b5aad39.jpg
Number plate,Image name
Iswsna,/content/8be3ed00d88ca0ab.jpg
Number plate,Image name
BC 8,/content/472581f99a16be46.jpg
Number plate,Image name
NLW,/content/1b8174db710a27b9.jpg
Number plate,Image name
Wua3414,/content/c91ee912164d8ecb.jpg
Number plate,Image name
409- 9x7,/content/f5f45825ecd699b6.jpg
Number plate,Image name
H376_ YNB,/content/bd365e81b00f3024.jpg
Number plate,Image name
B IE72,/content/4148b2126f0986a4.jpg
Number plate,Image name
DOe,/content/665cac5fd1cc2186.jpg
Number plate,Image name
1504 TX,/content/693acf98575cbe27.jpg
Number plate,Image name
57.777.7C,/content/7f56adf4b9306ac9.jpg
Number plate,Image name
Wve,/content/c3e74ea3cabe9b76.jpg
Number plate,Image name
VEE,/content/44afab29f5fa0abf.jpg
Number plate,Image name
7978F6,/content/35519a09b8fa2aea.jpg
Number plate,Image name
Ash 147,/content/4736664640af029e.jpg
Number plate,Image name
0us2 KBD,/content/1f34454c4c073e1b.jpg
Number plate,Image name
'5657LCi,/content/5793ffc9d96571ef.jpg
Number plate,Image name
Ped,/content/b16497cc70b8cb01.jpg
Number plate,Image name
T3,/content/932eef14e5ee78b2.jpg
Number plate,Image name
RPZSIT,/content/b7e6c3b48c0de86c.jpg
Number plate,Image name
dyd,/content/4f6f67934a6b7bec.jpg
Number plate,Image name
XCG 461,/content/452cfd061f6df2c6.jpg
Number plate,Image name
0,/content/485e5f37dd13ffab.jpg
